ALPHA_Q14,mean_spike_rate
15360.000000,0.037144
15474.000000,0.037007
15600.000000,0.037281
